{
  "execution_time": 0.5788958072662354,
  "execution_time_kernel_0": 0.5788958072662354
}
